{
  "n_pca": 10,
  "best_k": 6,
  "metrics": {
    "k": [
      6,
      7,
      8,
      9,
      10,
      11,
      12,
      13,
      14,
      15,
      16,
      17,
      18,
      19,
      20,
      21,
      22,
      23,
      24,
      25,
      26,
      27,
      28,
      29
    ],
    "inertia": [
      30271.052546560786,
      28744.00090457623,
      27783.688509230873,
      26816.648405219938,
      26059.584827476217,
      25267.073110169495,
      24740.25785632618,
      24226.712258849013,
      23664.20978425614,
      23217.01888972259,
      22749.042830179234,
      22330.096959021517,
      21959.061731619786,
      21619.37743584801,
      21328.303375017767,
      21081.190353181883,
      20716.765741323972,
      20468.59314327202,
      20127.58974774085,
      19980.49936557968,
      19707.52437211183,
      19498.65481127171,
      19203.17850454177,
      19031.22331564399
    ],
    "silhouette": [
      0.1399260081768099,
      0.13677255730667626,
      0.13763191704986077,
      0.13533838094421338,
      0.11809777524295634,
      0.11471661671944533,
      0.11104586241124448,
      0.10353470011945058,
      0.10868032751451255,
      0.10605147439441867,
      0.10678145203451765,
      0.10795676721374332,
      0.10729366072680199,
      0.10521183604570175,
      0.10776715888061666,
      0.10060286224774634,
      0.10760128239324356,
      0.10506469726042952,
      0.10458345347569085,
      0.10432556065836078,
      0.1046734413309544,
      0.101149106834487,
      0.10561536888969734,
      0.10590652379710473
    ],
    "davies_bouldin": [
      1.7400271817601298,
      1.6916918759516488,
      1.7713745727439285,
      1.6947315889582297,
      1.8031374824815534,
      1.8084244867289605,
      1.8537014408718475,
      1.8678584397926332,
      1.8201346009971204,
      1.8489988179031196,
      1.787723315227437,
      1.7764230501829745,
      1.8174681529753842,
      1.771879534433172,
      1.747775945773246,
      1.8004269859978632,
      1.7829491853214305,
      1.7809874309796725,
      1.7474234396535955,
      1.7811059717419035,
      1.746151429048709,
      1.7758575157829537,
      1.7476131436546767,
      1.7440965871744718
    ],
    "calinski_harabasz": [
      187.5438459805594,
      175.00579311468093,
      160.9403274175213,
      151.1426211926967,
      141.97381832100442,
      135.3995675464177,
      127.90356829392584,
      121.72438760821612,
      117.10156521071455,
      112.3670215235657,
      108.56529948232286,
      104.98786741096572,
      101.57051941986946,
      98.38244060019724,
      95.24319441216703,
      92.15443081097457,
      90.22010933738085,
      87.73740934853943,
      86.13751360786189,
      83.44548571018842,
      81.79798568353847,
      79.90952219022671,
      78.73459243979704,
      76.92076617791093
    ],
    "plots": {
      "elbow": "/Users/savvasneofytou/Desktop/basketball/artifacts/run_20250827_170916/elbow_plot.png",
      "silhouette": "/Users/savvasneofytou/Desktop/basketball/artifacts/run_20250827_170916/silhouette_plot.png",
      "davies_bouldin": "/Users/savvasneofytou/Desktop/basketball/artifacts/run_20250827_170916/db_plot.png",
      "calinski_harabasz": "/Users/savvasneofytou/Desktop/basketball/artifacts/run_20250827_170916/ch_plot.png"
    }
  }
}