{
  "n_pca": 11,
  "best_k": 6,
  "metrics": {
    "k": [
      6,
      7,
      8,
      9,
      10,
      11,
      12,
      13,
      14,
      15,
      16,
      17,
      18,
      19,
      20,
      21,
      22,
      23,
      24,
      25,
      26,
      27,
      28,
      29
    ],
    "inertia": [
      30942.509260934126,
      29437.62330677352,
      28419.614302524893,
      27476.81966922917,
      26867.892595960977,
      26058.27446964399,
      25403.68928981694,
      24883.01391356218,
      24328.449010826313,
      23867.55983694349,
      23554.97027596822,
      23167.345467169343,
      22819.388731340357,
      22351.829304205075,
      22167.146750728574,
      21911.544547382273,
      21518.035923007712,
      21314.772814092456,
      21097.70760582776,
      20733.994383053567,
      20614.29739706401,
      20357.720726008873,
      20177.21962908843,
      19972.692643083836
    ],
    "silhouette": [
      0.1378254326011883,
      0.13175888740706496,
      0.13182338172295427,
      0.13263722650986207,
      0.11832514672510498,
      0.11166826768817657,
      0.10521665494387254,
      0.10360308288612113,
      0.10633280641209389,
      0.10434078737258996,
      0.1009208937615971,
      0.09928345016034587,
      0.10318413606777269,
      0.10381400498376904,
      0.10126960333583293,
      0.0933218784178498,
      0.09605233755707035,
      0.10202216328481446,
      0.10120781950849377,
      0.10025359791070615,
      0.0977672537992205,
      0.09775409705513619,
      0.09434779667793407,
      0.0962445251012694
    ],
    "davies_bouldin": [
      1.7668123275399308,
      1.722771502274404,
      1.7555573513846614,
      1.744689286344676,
      1.8356815403326805,
      1.865626388535599,
      1.873464336156658,
      1.853773864844763,
      1.8756461954547254,
      1.8608490052214248,
      1.8063291196141487,
      1.9223689599232212,
      1.8752536550947236,
      1.8243856303843302,
      1.8291942918741295,
      1.8764315951246122,
      1.867788070954178,
      1.80634163082098,
      1.7798320397766858,
      1.8079811188665094,
      1.8348809065746647,
      1.829493205334408,
      1.8409500743104883,
      1.872670015383776
    ],
    "calinski_harabasz": [
      178.48855823483945,
      166.2139042359324,
      153.44921154540913,
      143.78348282432157,
      133.54142059759099,
      127.45074854397959,
      121.48661375648629,
      115.63242359533967,
      111.12351052058636,
      106.69681209092482,
      101.84937755360907,
      98.21526615471647,
      94.80995548030135,
      92.6875869675989,
      88.97375723082448,
      86.11399761158161,
      84.45043592709432,
      81.81225187588458,
      79.5096179539604,
      78.31127224705385,
      75.81819668447542,
      74.31641051672628,
      72.52359631338108,
      71.00965162479602
    ],
    "plots": {
      "elbow": "/vol/bitbucket/sn1624/data-driven-framework-for-athlete-profiling/artifacts/run_20250826_001058/elbow_plot.png",
      "silhouette": "/vol/bitbucket/sn1624/data-driven-framework-for-athlete-profiling/artifacts/run_20250826_001058/silhouette_plot.png",
      "davies_bouldin": "/vol/bitbucket/sn1624/data-driven-framework-for-athlete-profiling/artifacts/run_20250826_001058/db_plot.png",
      "calinski_harabasz": "/vol/bitbucket/sn1624/data-driven-framework-for-athlete-profiling/artifacts/run_20250826_001058/ch_plot.png"
    }
  }
}