{
  "n_pca": 10,
  "best_k": 29,
  "metrics": {
    "k": [
      6,
      7,
      8,
      9,
      10,
      11,
      12,
      13,
      14,
      15,
      16,
      17,
      18,
      19,
      20,
      21,
      22,
      23,
      24,
      25,
      26,
      27,
      28,
      29
    ],
    "inertia": [
      35607.39893125667,
      33586.81449975118,
      31843.37676613286,
      30621.35953351714,
      29405.17924384307,
      28407.658923322266,
      27606.22017933395,
      26882.71472837008,
      26031.68723367923,
      25400.248279043517,
      24832.30405159865,
      24224.38385138967,
      23852.046198647397,
      23425.900567646942,
      22961.173811319197,
      22499.37438144644,
      22082.34144092355,
      21804.70989714587,
      21510.628233734376,
      21120.490952255877,
      20744.537563012193,
      20597.385338186636,
      20180.384469395096,
      19917.068334350224
    ],
    "silhouette": [
      0.15476303529332106,
      0.17034208630476397,
      0.1721575613048215,
      0.16878618653285773,
      0.17230524934231145,
      0.16521876769505456,
      0.15576762179881384,
      0.17155950861868724,
      0.17592678375013154,
      0.17046890680548013,
      0.16994817182203353,
      0.17003848035727193,
      0.17620365452678188,
      0.17167641293849137,
      0.17560821909924396,
      0.16928247839684393,
      0.18404043451154162,
      0.1779497121886451,
      0.17611791493523296,
      0.18528950310873857,
      0.1830711367904281,
      0.18867020125877015,
      0.18656190331682315,
      0.1899989036912799
    ],
    "davies_bouldin": [
      1.7463208897703322,
      1.7267737266005037,
      1.6679043014385582,
      1.6575550958770615,
      1.6414967861866736,
      1.6711684134583054,
      1.6676702966000472,
      1.624370057750876,
      1.5799167252001443,
      1.6389386193474502,
      1.6687800052274082,
      1.5910103486226503,
      1.5905726865341532,
      1.6356640730918512,
      1.5961678343083365,
      1.6089559753223428,
      1.5880683883914444,
      1.5682088270113175,
      1.6274643424915374,
      1.5958091926569198,
      1.6188602543798518,
      1.6031358670007507,
      1.5525164380440533,
      1.616548416740251
    ],
    "calinski_harabasz": [
      221.37943537938253,
      209.4689783189325,
      200.17406418629244,
      188.98070295567487,
      181.22059754726632,
      173.60319440159935,
      165.9654178840547,
      159.24156197442636,
      155.18926327289302,
      150.0505634834562,
      145.26665074574106,
      141.68331982768558,
      136.60765823586098,
      132.67243520743315,
      129.61757127148545,
      126.99476089633164,
      124.3871854488284,
      120.95854785611321,
      118.01793548659205,
      116.16927054613146,
      114.46179426277324,
      111.14430149733461,
      110.21483055055859,
      108.25568284335107
    ],
    "plots": {
      "elbow": "/Users/savvasneofytou/Desktop/basketball/artifacts/run_20250828_021400/elbow_plot.png",
      "silhouette": "/Users/savvasneofytou/Desktop/basketball/artifacts/run_20250828_021400/silhouette_plot.png",
      "davies_bouldin": "/Users/savvasneofytou/Desktop/basketball/artifacts/run_20250828_021400/db_plot.png",
      "calinski_harabasz": "/Users/savvasneofytou/Desktop/basketball/artifacts/run_20250828_021400/ch_plot.png"
    }
  }
}