{
  "n_pca": 10,
  "best_k": 6,
  "metrics": {
    "k": [
      6,
      7,
      8,
      9,
      10,
      11,
      12,
      13,
      14,
      15,
      16,
      17,
      18,
      19,
      20,
      21,
      22,
      23,
      24,
      25,
      26,
      27,
      28,
      29
    ],
    "inertia": [
      30018.373368290588,
      28509.043523343862,
      27532.039324358575,
      26627.741788985397,
      25770.35214043618,
      25068.069232804337,
      24524.849019251844,
      24076.09707406952,
      23452.74498262103,
      22987.274245716217,
      22521.327882530448,
      22167.229429538587,
      21828.198007377494,
      21502.369411542062,
      21127.88149190896,
      20829.79681817459,
      20623.438722285005,
      20366.360570374207,
      20002.012459621903,
      19886.24241369894,
      19583.74471078028,
      19395.755958462596,
      19020.906381810062,
      19028.716125507686
    ],
    "silhouette": [
      0.1401192479232448,
      0.1370643409188709,
      0.13935647061818074,
      0.12191548995965552,
      0.12702109263229333,
      0.11296156802724527,
      0.1132341536003086,
      0.11415105883194411,
      0.11059350015829268,
      0.10599863226309908,
      0.10701026140040881,
      0.10765852985524828,
      0.11027824626100928,
      0.10245038348961341,
      0.1058732996509096,
      0.09984844204889602,
      0.10691403089761042,
      0.10417923104425925,
      0.10513550294549784,
      0.10290891950059333,
      0.0986199628864374,
      0.10371009649587423,
      0.10550325887772868,
      0.09824153057341505
    ],
    "davies_bouldin": [
      1.7376975510188188,
      1.696526666341467,
      1.7507865385827084,
      1.7642739333132498,
      1.7714064164334633,
      1.8109198240780053,
      1.8460535114718235,
      1.8212151731723802,
      1.8249488959706792,
      1.8148406938237565,
      1.7870117562153953,
      1.7802561776069161,
      1.7661581008752014,
      1.835152319743213,
      1.770483112197066,
      1.7904806549679047,
      1.750782478076716,
      1.766115619490274,
      1.8378936863657962,
      1.7537690220111386,
      1.8125462147258764,
      1.755428204898185,
      1.7147124939720624,
      1.7953837912663246
    ],
    "calinski_harabasz": [
      186.47939653762714,
      173.92690699170993,
      160.23206607121065,
      149.85526525468728,
      141.88202721063885,
      134.4628980152405,
      127.21263035876395,
      120.5124183863177,
      116.50630504820496,
      111.98067773391057,
      108.20610702726113,
      104.1469779566826,
      100.52904303452837,
      97.28635679271676,
      94.81102212917375,
      92.11778729275301,
      89.08978958001265,
      86.70953859905985,
      85.30143521050141,
      82.43518316033207,
      81.01037109361049,
      79.015536348152,
      78.36996701799896,
      75.45799749505422
    ],
    "plots": {
      "elbow": "/Users/savvasneofytou/Desktop/basketball/artifacts/run_20250827_164725/elbow_plot.png",
      "silhouette": "/Users/savvasneofytou/Desktop/basketball/artifacts/run_20250827_164725/silhouette_plot.png",
      "davies_bouldin": "/Users/savvasneofytou/Desktop/basketball/artifacts/run_20250827_164725/db_plot.png",
      "calinski_harabasz": "/Users/savvasneofytou/Desktop/basketball/artifacts/run_20250827_164725/ch_plot.png"
    }
  }
}