{
  "n_pca": 10,
  "best_k": 9,
  "metrics": {
    "k": [
      6,
      7,
      8,
      9,
      10,
      11,
      12,
      13,
      14,
      15,
      16,
      17,
      18,
      19,
      20,
      21,
      22,
      23,
      24,
      25,
      26,
      27,
      28,
      29
    ],
    "inertia": [
      33623.54947739975,
      31883.525446166383,
      30754.297106703965,
      29589.655966226448,
      28546.19475434649,
      27634.5706562382,
      26956.713308097085,
      26172.263152814798,
      25579.14439530291,
      25152.646933003467,
      24619.490824299428,
      24296.926979567554,
      23562.178407379324,
      23123.645843005455,
      22784.462982914767,
      22461.86295721664,
      22190.995520812106,
      21734.0318441009,
      21519.6933804874,
      21158.893751467687,
      20826.306408074095,
      20684.49455300021,
      20394.885458364683,
      20032.303219299047
    ],
    "silhouette": [
      0.14155043858044103,
      0.14509479424099922,
      0.1423628172175899,
      0.1497248287798331,
      0.1374801347050527,
      0.13699786876278525,
      0.12983878215399852,
      0.13215285584660702,
      0.1321939900077395,
      0.13766207558050508,
      0.14479693624280526,
      0.13512231863262464,
      0.13960647158236753,
      0.1369672402436814,
      0.13877854808725237,
      0.13810750502791536,
      0.1360707008082866,
      0.13619138826682067,
      0.14005586314352783,
      0.1355572557336094,
      0.13838785419889638,
      0.13410668752369673,
      0.14624205544540236,
      0.14368008161938217
    ],
    "davies_bouldin": [
      1.7663103629774304,
      1.7705147473673357,
      1.6817241512612622,
      1.7304701202085242,
      1.7171252120396683,
      1.7350190802567211,
      1.8140798433822625,
      1.7199687478027086,
      1.7667095211699506,
      1.7207008490153437,
      1.6544992911252763,
      1.6959663030120746,
      1.6868358391013116,
      1.6810614527243573,
      1.64580588833518,
      1.6377600568588888,
      1.7107817579910714,
      1.6678370589137,
      1.7033513686744488,
      1.648303642287672,
      1.6652530274283093,
      1.723228368401971,
      1.6415501457980082,
      1.665238705773687
    ],
    "calinski_harabasz": [
      206.27856744164404,
      192.96519178964917,
      178.15366629695745,
      168.28142055724499,
      160.1995745789962,
      153.09637549632913,
      145.5286215728571,
      140.52555791075548,
      134.9274039355592,
      128.88047938948836,
      124.6621250078898,
      119.40094899762134,
      118.1562746497331,
      114.97715843380846,
      111.46980292327194,
      108.25722980306107,
      105.0263584559632,
      103.50771942293242,
      100.47123222716772,
      98.76130319637825,
      97.06808519917628,
      94.2387586404752,
      92.63782896712291,
      91.70120799285459
    ],
    "plots": {
      "elbow": "/Users/savvasneofytou/Desktop/basketball/artifacts/run_20250828_013738/elbow_plot.png",
      "silhouette": "/Users/savvasneofytou/Desktop/basketball/artifacts/run_20250828_013738/silhouette_plot.png",
      "davies_bouldin": "/Users/savvasneofytou/Desktop/basketball/artifacts/run_20250828_013738/db_plot.png",
      "calinski_harabasz": "/Users/savvasneofytou/Desktop/basketball/artifacts/run_20250828_013738/ch_plot.png"
    }
  }
}