{
  "n_pca": 10,
  "best_k": 6,
  "metrics": {
    "k": [
      6,
      7,
      8,
      9,
      10,
      11,
      12,
      13,
      14,
      15,
      16,
      17,
      18,
      19,
      20,
      21,
      22,
      23,
      24,
      25,
      26,
      27,
      28,
      29
    ],
    "inertia": [
      30778.410925176704,
      29222.553668813518,
      28174.004357707636,
      27291.146388636073,
      26459.218997260283,
      25752.558350543426,
      25160.361813316544,
      24655.186014966555,
      24088.578495842445,
      23651.662635583194,
      23121.87468958711,
      22732.29735730357,
      22388.862808592417,
      22023.961022319425,
      21776.6957023685,
      21380.72973729919,
      21104.609152788664,
      20701.301415640213,
      20599.853290512012,
      20282.76681417068,
      20061.734089933292,
      19745.296627207725,
      19488.270078694735,
      19372.57708971932
    ],
    "silhouette": [
      0.13916708078477558,
      0.13572804750825912,
      0.1323512783090945,
      0.13577310353087815,
      0.11597714889244075,
      0.1191545630371589,
      0.11214113905530618,
      0.11124927567570364,
      0.11413522036936034,
      0.11262785838574192,
      0.10805613304054627,
      0.10483361609902715,
      0.10738066742964067,
      0.10930458920104003,
      0.1058743040823297,
      0.10734112197805934,
      0.10824463807544263,
      0.11181831512585852,
      0.10652436141473097,
      0.10710557751860147,
      0.10385617805203526,
      0.1041319722002182,
      0.10278930895193662,
      0.10473137665795913
    ],
    "davies_bouldin": [
      1.745110472323697,
      1.6953848625583563,
      1.7493356977867482,
      1.7566749772136605,
      1.828820092008995,
      1.8095298924869696,
      1.8233665499768608,
      1.8215485183881996,
      1.8424781541789486,
      1.8336539801784169,
      1.8298336480833952,
      1.835251867102066,
      1.7687420576104207,
      1.7910993923624552,
      1.7940784584990386,
      1.7970824988480538,
      1.7398007862873854,
      1.6978331538019558,
      1.740625004940784,
      1.733752956082747,
      1.7727859595116173,
      1.7844153758678671,
      1.7726077935714468,
      1.7611296280710032
    ],
    "calinski_harabasz": [
      189.69015812890328,
      177.09089966090366,
      163.7392106369753,
      152.66904990054232,
      144.0735003463012,
      136.42317864773716,
      129.41324274663404,
      123.01479619398387,
      118.30321699073738,
      113.37532691208212,
      109.98604370429175,
      106.07700279562349,
      102.36604803233448,
      99.30161242891455,
      95.77931692842779,
      93.70552894885088,
      91.07988454451088,
      89.61685755095635,
      86.3259160349869,
      84.72835397437778,
      82.6912754684677,
      81.45074642341696,
      79.98251637210814,
      77.7747239092583
    ],
    "plots": {
      "elbow": "/Users/savvasneofytou/Desktop/basketball/artifacts/run_20250828_011055/elbow_plot.png",
      "silhouette": "/Users/savvasneofytou/Desktop/basketball/artifacts/run_20250828_011055/silhouette_plot.png",
      "davies_bouldin": "/Users/savvasneofytou/Desktop/basketball/artifacts/run_20250828_011055/db_plot.png",
      "calinski_harabasz": "/Users/savvasneofytou/Desktop/basketball/artifacts/run_20250828_011055/ch_plot.png"
    }
  }
}