{
  "n_pca": 10,
  "best_k": 6,
  "metrics": {
    "k": [
      6,
      7,
      8,
      9,
      10,
      11,
      12,
      13,
      14,
      15,
      16,
      17,
      18,
      19,
      20,
      21,
      22,
      23,
      24,
      25,
      26,
      27,
      28,
      29
    ],
    "inertia": [
      30532.502774785797,
      28982.909530652563,
      27943.207840154235,
      27070.6127916285,
      26241.055216219112,
      25528.695272001776,
      24891.541021952173,
      24447.43110340151,
      23859.2620203044,
      23429.840551487185,
      23013.74067370657,
      22620.727560027975,
      22239.221118095258,
      21777.139061347327,
      21484.88320929898,
      21220.878788163696,
      20872.867570318685,
      20727.064758282322,
      20426.07780218605,
      20166.372121713004,
      19920.559250195485,
      19691.003579863693,
      19450.663392964747,
      19097.009392130538
    ],
    "silhouette": [
      0.14248383269228235,
      0.1360024005322479,
      0.13375272389848122,
      0.12383511649447124,
      0.1176142733078152,
      0.11155544601387096,
      0.11307764422767608,
      0.11181904312834137,
      0.11601620672586836,
      0.10834582458750064,
      0.10728457232010032,
      0.10683625059841884,
      0.10169630753015692,
      0.11413224036226621,
      0.11041471184066667,
      0.10091491026167741,
      0.10159202347612886,
      0.10304822467935813,
      0.10614931984804395,
      0.10100563090382314,
      0.10191770234968041,
      0.10179190311761556,
      0.1052713617233511,
      0.10690516366187916
    ],
    "davies_bouldin": [
      1.7297176028449532,
      1.6947335031816375,
      1.7420950937128992,
      1.775539047780112,
      1.8395773602941152,
      1.8485303665386619,
      1.8642272759533716,
      1.800395265903408,
      1.813371096899854,
      1.8336458014024735,
      1.818778229633938,
      1.787299720527211,
      1.8119895780133934,
      1.7418455121409284,
      1.7589881533706868,
      1.833338572081194,
      1.8127323607212669,
      1.8016976757181309,
      1.772979804392117,
      1.7720523276963414,
      1.7710374251740737,
      1.8024947279406904,
      1.751798373247054,
      1.785003475979124
    ],
    "calinski_harabasz": [
      188.50089352742114,
      176.04708721276734,
      162.76018783607748,
      151.7143505863116,
      143.21244314498142,
      135.71736722861507,
      129.2149986604413,
      122.30696866947672,
      117.84922548009851,
      112.90555394387503,
      108.63068211604288,
      104.8170146671044,
      101.46021343364326,
      99.17616228124282,
      96.00487996077891,
      92.99992735883505,
      90.91386065181857,
      87.69708210078902,
      85.80695707093581,
      83.85509832640552,
      82.00877903788403,
      80.23592080904658,
      78.69271705310307,
      78.00178906142686
    ],
    "plots": {
      "elbow": "/Users/savvasneofytou/Desktop/basketball/artifacts/run_20250827_211822/elbow_plot.png",
      "silhouette": "/Users/savvasneofytou/Desktop/basketball/artifacts/run_20250827_211822/silhouette_plot.png",
      "davies_bouldin": "/Users/savvasneofytou/Desktop/basketball/artifacts/run_20250827_211822/db_plot.png",
      "calinski_harabasz": "/Users/savvasneofytou/Desktop/basketball/artifacts/run_20250827_211822/ch_plot.png"
    }
  }
}