{
  "n_pca": 10,
  "best_k": 6,
  "metrics": {
    "k": [
      6,
      7,
      8,
      9,
      10,
      11,
      12,
      13,
      14,
      15,
      16,
      17,
      18,
      19,
      20,
      21,
      22,
      23,
      24,
      25,
      26,
      27,
      28,
      29
    ],
    "inertia": [
      29767.66032618765,
      28257.144981301677,
      27278.38452660953,
      26378.97881416292,
      25751.624303959983,
      24922.07219255847,
      24339.545976671725,
      23683.82919246929,
      23317.694473786494,
      22907.75909227502,
      22426.54728698836,
      21998.32219981108,
      21593.57911447878,
      21317.71656404562,
      20903.3786471985,
      20573.217623740864,
      20399.1544739308,
      20188.722353263754,
      19828.591115187843,
      19649.57753966131,
      19315.321315318135,
      19177.883840274633,
      18886.399628747233,
      18759.15839369566
    ],
    "silhouette": [
      0.14339958592524232,
      0.13693936815699825,
      0.13390439406527935,
      0.1198483246062535,
      0.11578288612063367,
      0.11272414045862918,
      0.11266742114798783,
      0.11327150051248082,
      0.10726674298240202,
      0.1044740734897413,
      0.10597789997849086,
      0.10450688446466924,
      0.10993786783579604,
      0.10418029033522162,
      0.10396227531357671,
      0.10809545075564483,
      0.10413012514898036,
      0.1025427798872089,
      0.10282264588941226,
      0.10242473556031662,
      0.10478483677883617,
      0.10092955243381323,
      0.10807688128834977,
      0.10413727861392295
    ],
    "davies_bouldin": [
      1.7237850074258796,
      1.690512191137622,
      1.7368471888253176,
      1.7877344943241502,
      1.7413787925528421,
      1.8374919662236364,
      1.8589846005066961,
      1.8044450783188033,
      1.8102922182757097,
      1.7935294505838937,
      1.8162357493332277,
      1.8256248793168948,
      1.752357711685971,
      1.8390024609574738,
      1.8069026839555793,
      1.7579849797935156,
      1.7968743101689646,
      1.8082512233055974,
      1.7749164400790034,
      1.7390403156036183,
      1.7609822697042818,
      1.7877610798479584,
      1.7267026742030893,
      1.7748831591868952
    ],
    "calinski_harabasz": [
      185.4055681975851,
      173.08489250240768,
      159.56327927026638,
      149.25013004503884,
      138.95255576158388,
      133.0040307137013,
      126.2442411241973,
      121.52091180767488,
      115.24650438375484,
      110.32670252000534,
      106.75738065224778,
      103.36191423548331,
      100.3023664807477,
      96.70874526452167,
      94.56563457232147,
      92.13124017023684,
      88.88739175247238,
      86.20610977449782,
      84.7967768167287,
      82.37185000177284,
      81.17533436974813,
      78.86258864474367,
      77.70604966523655,
      75.65271971368534
    ],
    "plots": {
      "elbow": "/Users/savvasneofytou/Desktop/basketball/artifacts/run_20250827_175428/elbow_plot.png",
      "silhouette": "/Users/savvasneofytou/Desktop/basketball/artifacts/run_20250827_175428/silhouette_plot.png",
      "davies_bouldin": "/Users/savvasneofytou/Desktop/basketball/artifacts/run_20250827_175428/db_plot.png",
      "calinski_harabasz": "/Users/savvasneofytou/Desktop/basketball/artifacts/run_20250827_175428/ch_plot.png"
    }
  }
}