{
  "n_pca": 10,
  "best_k": 8,
  "metrics": {
    "k": [
      6,
      7,
      8,
      9,
      10,
      11,
      12,
      13,
      14,
      15,
      16,
      17,
      18,
      19,
      20,
      21,
      22,
      23,
      24,
      25,
      26,
      27,
      28,
      29
    ],
    "inertia": [
      31057.294559770107,
      29462.12699839537,
      28435.984722817877,
      27504.290285042116,
      26794.935224822926,
      26078.795641226523,
      25382.973348651773,
      24673.908218295102,
      24205.38409628151,
      23891.16470348436,
      23202.943512212743,
      22819.149652800836,
      22453.858795800334,
      22126.14004021088,
      21733.18449132043,
      21480.916295350045,
      21014.306404055373,
      20803.01709533043,
      20640.809697111814,
      20485.931695244257,
      20126.960810994417,
      19947.727987106417,
      19730.978313728076,
      19614.193176503653
    ],
    "silhouette": [
      0.1342101724590241,
      0.13475375698995756,
      0.1348531446547962,
      0.13404329552464908,
      0.11634844633240078,
      0.12071570228443107,
      0.1089572192102221,
      0.11494880893155553,
      0.11503113098021815,
      0.10860761584847303,
      0.11176938316284,
      0.11157513620402582,
      0.1055624153131003,
      0.1099215540992557,
      0.10552655052822678,
      0.1093685042528467,
      0.10934913448053979,
      0.11052970183287922,
      0.10852597398908798,
      0.10665178010408496,
      0.10788886764693954,
      0.10054027657445753,
      0.10741870519377297,
      0.10596033878742392
    ],
    "davies_bouldin": [
      1.7088583275376699,
      1.694072231792146,
      1.73099778098273,
      1.7000591666602776,
      1.8226757869955104,
      1.798357260703567,
      1.8925094438488885,
      1.8252973769286511,
      1.8350487264296569,
      1.8696504400830365,
      1.7597592815726606,
      1.7712320983450014,
      1.8302093072894958,
      1.7653552589954322,
      1.7378003121525274,
      1.7838807863311426,
      1.784889684685971,
      1.762554055103279,
      1.7688364755660686,
      1.7516031826334377,
      1.7725110629479919,
      1.7602836513837286,
      1.7292625197247424,
      1.7633070706422893
    ],
    "calinski_harabasz": [
      190.4295545031955,
      178.14624891247257,
      164.35619599189928,
      153.71431049668604,
      143.7137609891848,
      136.1213812876897,
      130.05972540298808,
      125.45138336349167,
      119.75002717446512,
      113.70362778400117,
      111.57352295884134,
      107.54242228620701,
      103.9339777463399,
      100.52447522859293,
      98.02295828224815,
      94.84486036225096,
      93.53055243290089,
      90.66642211313878,
      87.74397363532562,
      85.03153775265112,
      83.87309349776828,
      81.71837310795034,
      79.97728254814622,
      77.7699182609018
    ],
    "plots": {
      "elbow": "/Users/savvasneofytou/Desktop/basketball/artifacts/run_20250828_012651/elbow_plot.png",
      "silhouette": "/Users/savvasneofytou/Desktop/basketball/artifacts/run_20250828_012651/silhouette_plot.png",
      "davies_bouldin": "/Users/savvasneofytou/Desktop/basketball/artifacts/run_20250828_012651/db_plot.png",
      "calinski_harabasz": "/Users/savvasneofytou/Desktop/basketball/artifacts/run_20250828_012651/ch_plot.png"
    }
  }
}