{
  "n_pca": 10,
  "best_k": 6,
  "metrics": {
    "k": [
      6,
      7,
      8,
      9,
      10,
      11,
      12,
      13,
      14,
      15,
      16,
      17,
      18,
      19,
      20,
      21,
      22,
      23,
      24,
      25,
      26,
      27,
      28,
      29
    ],
    "inertia": [
      29771.0277614135,
      28272.3533816218,
      27248.482952810864,
      26355.385496959658,
      25512.764146853053,
      24852.022163564547,
      24361.93402376985,
      23716.251781644976,
      23205.14464824461,
      22793.753201436542,
      22394.591273952345,
      21907.17724414333,
      21647.07770219592,
      21288.43302892188,
      20947.996552820015,
      20664.536901651765,
      20429.710595721208,
      20152.166259968246,
      19878.343880495115,
      19723.044746026557,
      19331.80339477684,
      19105.03730987493,
      18938.68865755982,
      18828.769784052576
    ],
    "silhouette": [
      0.14261585509809416,
      0.13544867183995052,
      0.1330564067115072,
      0.12932703350642136,
      0.12277933971062659,
      0.1162095241852424,
      0.10813579885186266,
      0.11573158612494483,
      0.10920173125458418,
      0.11563493256208797,
      0.11619182758673645,
      0.10798716193119302,
      0.10522642980631633,
      0.10283462107104097,
      0.1059934342637384,
      0.10510788423868045,
      0.10247207064471175,
      0.1003236929786316,
      0.10464978543895265,
      0.09788008816477085,
      0.10052469239590742,
      0.10180124053478258,
      0.10589781559944218,
      0.10164420492861645
    ],
    "davies_bouldin": [
      1.7233112131538342,
      1.6968465299306494,
      1.745119203388409,
      1.7415071163566813,
      1.7856239697967902,
      1.7848838973316143,
      1.8170524632814449,
      1.796639070824309,
      1.838410533900257,
      1.79736755106061,
      1.7395377452865235,
      1.8057553588128274,
      1.7558438150349251,
      1.8101167446775648,
      1.7693471798500926,
      1.7654915412626753,
      1.8314862922409754,
      1.7760577475036612,
      1.8208140263015178,
      1.7827221349322482,
      1.8073925545601952,
      1.7817708133313293,
      1.7396924777531102,
      1.7851824104988339
    ],
    "calinski_harabasz": [
      185.3580156397483,
      172.88653189001693,
      159.9222659568126,
      149.51488529333034,
      141.47163167868362,
      133.70871339444392,
      126.03056347305098,
      121.22171523374358,
      116.24087376065741,
      111.29507994605983,
      107.02054496671039,
      104.09462901825368,
      99.88540637783773,
      96.9305741239241,
      94.23406542176184,
      91.46779068141136,
      88.67189869105391,
      86.45797046013887,
      84.45863725200883,
      81.8856015413456,
      81.06673558362927,
      79.33252393193423,
      77.37360272674636,
      75.22091760522214
    ],
    "plots": {
      "elbow": "/vol/bitbucket/sn1624/data-driven-framework-for-athlete-profiling/artifacts/run_20250826_005318/elbow_plot.png",
      "silhouette": "/vol/bitbucket/sn1624/data-driven-framework-for-athlete-profiling/artifacts/run_20250826_005318/silhouette_plot.png",
      "davies_bouldin": "/vol/bitbucket/sn1624/data-driven-framework-for-athlete-profiling/artifacts/run_20250826_005318/db_plot.png",
      "calinski_harabasz": "/vol/bitbucket/sn1624/data-driven-framework-for-athlete-profiling/artifacts/run_20250826_005318/ch_plot.png"
    }
  }
}