{
  "n_pca": 10,
  "best_k": 6,
  "metrics": {
    "k": [
      6,
      7,
      8,
      9,
      10,
      11,
      12,
      13,
      14,
      15,
      16,
      17,
      18,
      19,
      20,
      21,
      22,
      23,
      24,
      25,
      26,
      27,
      28,
      29
    ],
    "inertia": [
      29771.027761413516,
      28272.35338162181,
      27248.482952810882,
      26355.385496959665,
      25512.76414685306,
      24852.022163564558,
      24361.934023769856,
      23716.25178164499,
      23205.14464824462,
      22793.753201436557,
      22394.591273952352,
      21907.17724414334,
      21647.07770219593,
      21288.433028921892,
      20947.996552820026,
      20664.536901651772,
      20429.71059572122,
      20152.166259968257,
      19878.34388049512,
      19723.044746026564,
      19331.803394776845,
      19105.037309874933,
      18938.688657559822,
      18828.76978405258
    ],
    "silhouette": [
      0.1426158550980942,
      0.13544867183995057,
      0.13305640671150726,
      0.1293270335064214,
      0.12277933971062664,
      0.11620952418524245,
      0.10813579885186271,
      0.11573158612494484,
      0.10920173125458425,
      0.115634932562088,
      0.11619182758673648,
      0.10798716193119309,
      0.10522642980631638,
      0.102834621071041,
      0.10599343426373845,
      0.10510788423868048,
      0.1024720706447118,
      0.10032369297863164,
      0.10464978543895267,
      0.09788008816477088,
      0.10052469239590744,
      0.10180124053478261,
      0.10589781559944222,
      0.10164420492861648
    ],
    "davies_bouldin": [
      1.7233112131538337,
      1.6968465299306488,
      1.7451192033884084,
      1.7415071163566807,
      1.785623969796789,
      1.7848838973316135,
      1.8170524632814444,
      1.7966390708243085,
      1.8384105339002565,
      1.7973675510606093,
      1.739537745286523,
      1.8057553588128266,
      1.7558438150349245,
      1.8101167446775648,
      1.7693471798500915,
      1.7654915412626753,
      1.8314862922409747,
      1.7760577475036612,
      1.8208140263015171,
      1.782722134932248,
      1.807392554560195,
      1.781770813331329,
      1.73969247775311,
      1.7851824104988336
    ],
    "calinski_harabasz": [
      185.35801563974852,
      172.8865318900171,
      159.92226595681282,
      149.51488529333045,
      141.47163167868374,
      133.70871339444403,
      126.03056347305106,
      121.22171523374367,
      116.2408737606575,
      111.29507994605989,
      107.0205449667104,
      104.0946290182538,
      99.88540637783778,
      96.93057412392415,
      94.23406542176193,
      91.46779068141147,
      88.67189869105397,
      86.45797046013894,
      84.45863725200888,
      81.88560154134568,
      81.06673558362931,
      79.33252393193429,
      77.37360272674641,
      75.22091760522217
    ],
    "plots": {
      "elbow": "/vol/bitbucket/sn1624/data-driven-framework-for-athlete-profiling/artifacts/run_20250830_182157/elbow_plot.png",
      "silhouette": "/vol/bitbucket/sn1624/data-driven-framework-for-athlete-profiling/artifacts/run_20250830_182157/silhouette_plot.png",
      "davies_bouldin": "/vol/bitbucket/sn1624/data-driven-framework-for-athlete-profiling/artifacts/run_20250830_182157/db_plot.png",
      "calinski_harabasz": "/vol/bitbucket/sn1624/data-driven-framework-for-athlete-profiling/artifacts/run_20250830_182157/ch_plot.png"
    }
  }
}