{
  "n_pca": 10,
  "best_k": 6,
  "metrics": {
    "k": [
      6,
      7,
      8,
      9,
      10,
      11,
      12,
      13,
      14,
      15,
      16,
      17,
      18,
      19,
      20,
      21,
      22,
      23,
      24,
      25,
      26,
      27,
      28,
      29
    ],
    "inertia": [
      31037.865192890094,
      29454.94895005959,
      28471.189480933193,
      27559.464186148944,
      26666.797396676047,
      26075.520179783718,
      25313.66095048766,
      24832.035647515168,
      24257.173007609126,
      23727.71418666387,
      23341.78281292196,
      23008.191099554584,
      22485.66138655612,
      22055.45125134958,
      21830.243303363193,
      21573.72738982927,
      21198.094624522913,
      20975.632308831602,
      20682.84532823626,
      20444.519068140107,
      20123.35711577073,
      19831.933930870648,
      19581.178638914833,
      19286.1537336717
    ],
    "silhouette": [
      0.14257412880478368,
      0.13672124223327792,
      0.13507302908815771,
      0.11526905552222944,
      0.11687735769364437,
      0.11333663238678258,
      0.11814819854398767,
      0.1149135008526183,
      0.11253298716425851,
      0.1117651886814737,
      0.10601543174268718,
      0.10557719524866646,
      0.10886043875194404,
      0.11410023021314687,
      0.1105206122990145,
      0.105573128660619,
      0.11126812369619049,
      0.10956026216414701,
      0.10659511246830002,
      0.1069609658041072,
      0.10594797490093587,
      0.10850227835851493,
      0.11106905768124561,
      0.11139574853168781
    ],
    "davies_bouldin": [
      1.7320797395175909,
      1.685063225891032,
      1.7369490877654439,
      1.79691419835197,
      1.8290660749484338,
      1.870162460260675,
      1.840800736421884,
      1.7918226866614988,
      1.8308837120553962,
      1.7613729348166876,
      1.866836970713146,
      1.8320049768449753,
      1.812728173630526,
      1.7452808962214994,
      1.7961284599578526,
      1.7710895286952213,
      1.773166114787574,
      1.7606264780845533,
      1.7390615710723256,
      1.7603159483466704,
      1.7526251382091933,
      1.7684448382606757,
      1.698844561680349,
      1.7207950001516683
    ],
    "calinski_harabasz": [
      190.70150269117548,
      178.2391732812686,
      163.93781698301808,
      153.10202181944848,
      145.0535549289222,
      136.15374224906023,
      130.71803870707032,
      124.00883741644031,
      119.29531451788105,
      115.0827486792211,
      110.4300587380608,
      106.03798331197672,
      103.68647671230298,
      101.06157733901793,
      97.30493274073596,
      94.17763566444066,
      92.22255727631202,
      89.47030477273486,
      87.45942903563379,
      85.30514341819591,
      83.89670936039204,
      82.46476472977844,
      80.9285653240445,
      79.8198493867456
    ],
    "plots": {
      "elbow": "/Users/savvasneofytou/Desktop/basketball/artifacts/run_20250828_014313/elbow_plot.png",
      "silhouette": "/Users/savvasneofytou/Desktop/basketball/artifacts/run_20250828_014313/silhouette_plot.png",
      "davies_bouldin": "/Users/savvasneofytou/Desktop/basketball/artifacts/run_20250828_014313/db_plot.png",
      "calinski_harabasz": "/Users/savvasneofytou/Desktop/basketball/artifacts/run_20250828_014313/ch_plot.png"
    }
  }
}